Show,US viewers (millions)
Breaking Bad,2.2359677419354838
Game of Thrones,6.447808219178082
The Sopranos,8.608157894736843
